erp_invoice_id;reference_id;created;fulfillment_rate
VE18/000898;UK259207;2018.02.07 10:29;in stock
VE18/000922;UK259233;2018.02.08 15:28;partially fulfilled
VE18/000934;UK259248;2018.02.09 12:55;all out of stock
VE18/000940;UK259254;2018.02.09 17:34;all out of stock
VE18/000942;UK259256;2018.02.09 18:29;partially fulfilled
VE18/000945;UK259259;2018.02.09 22:49;all out of stock
VE18/000948;UK259262;2018.02.10 9:21;in stock
VE18/000951;UK259265;2018.02.10 11:10;all out of stock
VE18/000960;UK259275;2018.02.10 17:55;all out of stock
VE18/000961;UK259276;2018.02.10 18:25;in stock
VE18/000965;UK259280;2018.02.10 21:19;in stock
VE18/000975;UK259291;2018.02.11 12:11;partially fulfilled
VE18/000980;UK259297;2018.02.11 16:00;partially fulfilled
VI18/000590;IT52675-227236;2018.02.03 11:28;all out of stock
VI18/000623;IT52675-100430;2018.02.05 9:33;all out of stock
VI18/000694;IT52675-330080;2018.02.08 14:44;in stock
VI18/000699;IT52675-440435;2018.02.08 19:01;in stock
VI18/000704;IT52675-358551;2018.02.08 21:01;in stock
VI18/000721/1;IT52675-595696;2018.02.12 0:00;in stock
VI18/000734;IT52675-719819;2018.02.10 18:08;all out of stock
VI18/000740/1;IT52675-231586;2018.02.12 0:00;all out of stock
VI18/000744;IT52675-975427;2018.02.11 16:45;in stock
VI18/000747/1;IT52675-208526;2018.02.12 0:00;in stock
VI18/000748;IT52675-296581;2018.02.11 21:30;all out of stock
VI18/000750;IT52675-600141;2018.02.11 22:00;all out of stock
VO11/03112;;2011.11.21 0:00;in stock
VO11/03339;EO7057;2011.11.27 0:00;in stock
VO11/03552;;2011.11.30 0:00;in stock
VO11/03636;EO7301;2011.12.02 0:00;in stock
VO11/04634;8032;2011.12.20 0:00;in stock
VO12/00677;NC483;2012.01.13 0:00;all out of stock
VO12/02158;EO10459;2012.02.14 7:48;in stock
VO12/02159;EO10457;2012.02.14 7:43;in stock
VO12/09180;;2012.05.24 0:00;all out of stock
VO12/20817;EO28028;2012.09.07 6:14;in stock
VO13/12227;EO52343;2013.03.25 9:35;in stock
VO13/18770;EO58296;2013.05.06 19:15;in stock
VO13/22481;VO13/22481;2013.05.30 0:00;all out of stock
VO13/33180;EO70932;2013.08.04 14:38;all out of stock
VO13/49749;VO13/49749;2013.11.14 0:00;in stock
VO13/51125;EO91062;2013.11.23 17:19;partially fulfilled
VO14/00164;EO98678;2014.01.02 10:33;in stock
VO14/02896;EO102331;2014.01.15 14:42;partially fulfilled
VO14/06116;EO106785;2014.02.04 11:43;in stock
VO14/06869;EO108113;2014.02.09 19:32;in stock
VO14/15867;NP1037;2014.04.01 9:53;all out of stock
VO14/18699;EO122944;2014.04.16 7:07;all out of stock
VO14/19196;NC1469;2014.04.18 14:06;all out of stock
VO14/20889;EO125571;2014.04.29 18:28;in stock
VO14/28750/1;EO135420;2014.07.02 0:00;in stock
VO14/32375;EO140413;2014.06.28 19:11;all out of stock
VO14/33090;EO140139;2014.07.02 7:29;in stock
VO14/34061;EO142658;2014.07.07 9:09;in stock
VO17/095361/4;VO17/095361;2018.02.08 0:00;in stock
VO18/003542/1;EO431017;2018.02.08 0:00;in stock
VO18/006047/1;EO433246, SO-326782;2018.02.07 0:00;in stock
VO18/006735/1;EO433811;2018.02.05 0:00;in stock
VO18/007825/1;, SO-328649;2018.02.03 0:00;in stock
VO18/008508/1;LM21195-350900;2018.02.06 0:00;partially fulfilled
VO18/008764;EO435624;2018.02.02 19:04;in stock
VO18/008778;, SO-329625;2018.02.03 0:00;in stock
VO18/008779;EO435678;2018.02.03 10:15;in stock
VO18/008785;, SO-329632;2018.02.03 0:00;in stock
VO18/008786;VO18/008786;2018.02.03 0:00;all out of stock
VO18/008792/2;EO435590;2018.02.05 0:00;in stock
VO18/008794;EO435592;2018.02.02 15:44;all out of stock
VO18/008812;EO435620;2018.02.02 18:31;in stock
VO18/008836;EO435651;2018.02.02 22:23;partially fulfilled
VO18/008842;EO435658;2018.02.03 4:32;all out of stock
VO18/008891;EO435722;2018.02.03 15:42;partially fulfilled
VO18/008895;EO435726;2018.02.03 16:09;in stock
VO18/008898;EO435730;2018.02.03 16:52;partially fulfilled
VO18/008901;EO435738;2018.02.03 18:20;partially fulfilled
VO18/008941;EO435785;2018.02.04 1:05;all out of stock
VO18/008959;EO435810;2018.02.04 10:14;in stock
VO18/009025;EO435901;2018.02.04 16:30;in stock
VO18/009036;EO435912;2018.02.04 17:48;partially fulfilled
VO18/009053;EO435935;2018.02.04 19:25;in stock
VO18/009054;EO435936;2018.02.04 19:28;partially fulfilled
VO18/009076;EO435967;2018.02.04 21:06;partially fulfilled
VO18/009083;EO435974;2018.02.04 21:19;partially fulfilled
VO18/009098;EO435998;2018.02.04 23:03;partially fulfilled
VO18/009122;EO435681;2018.02.03 10:40;in stock
VO18/009123;EO435683;2018.02.03 10:51;in stock
VO18/009127;EO435697;2018.02.03 12:31;all out of stock
VO18/009147;EO435802;2018.02.04 9:51;partially fulfilled
VO18/009148;EO435808;2018.02.04 10:05;partially fulfilled
VO18/009153;EO435829;2018.02.04 11:12;in stock
VO18/009158;EO435847;2018.02.04 12:08;in stock
VO18/009159;EO435855;2018.02.04 12:40;in stock
VO18/009168;EO435881;2018.02.04 14:54;in stock
VO18/009181;EO435942;2018.02.04 19:44;in stock
VO18/009193;EO435988;2018.02.04 22:08;all out of stock
VO18/009205;EO436019;2018.02.05 8:02;in stock
VO18/009208/1;EO436028, SO-329929;2018.02.07 0:00;in stock
VO18/009221/1;EO434851;2018.02.07 0:00;all out of stock
VO18/009225;EO436067;2018.02.05 9:51;in stock
VO18/009253;EO436058;2018.02.05 9:40;partially fulfilled
VO18/009292;EO436103;2018.02.05 11:15;in stock
VO18/009299;VO18/009299;2018.02.05 0:00;in stock
VO18/009332/1;EO429844, SO-330054;2018.02.06 0:00;in stock
VO18/009345;EO436162;2018.02.05 13:32;in stock
VO18/009387;VO18/009387;2018.02.05 0:00;in stock
VO18/009403;EO436202;2018.02.05 15:35;partially fulfilled
VO18/009407/2;, SO-330130;2018.02.05 0:00;in stock
VO18/009409;EO436178;2018.02.05 14:28;in stock
VO18/009411;EO436181;2018.02.05 14:41;partially fulfilled
VO18/009412;EO436182;2018.02.05 14:51;in stock
VO18/009413;EO436183;2018.02.05 14:55;in stock
VO18/009414;EO436189;2018.02.05 15:02;in stock
VO18/009415;EO436205;2018.02.05 15:51;in stock
VO18/009426;, SO-330149;2018.02.05 0:00;partially fulfilled
VO18/009436;EO436237;2018.02.05 17:46;all out of stock
VO18/009440;EO436015;2018.02.05 0:00;in stock
VO18/009445;EO436207;2018.02.05 15:54;partially fulfilled
VO18/009512;EO436301;2018.02.05 20:48;in stock
VO18/009529;EO436326;2018.02.05 21:39;partially fulfilled
VO18/009549;EO436356;2018.02.06 0:03;all out of stock
VO18/009578;EO436249;2018.02.05 18:20;in stock
VO18/009580;EO436253;2018.02.05 18:29;partially fulfilled
VO18/009585;EO436261;2018.02.05 18:47;all out of stock
VO18/009589;EO436273;2018.02.05 19:22;in stock
VO18/009591;EO436288;2018.02.05 20:08;in stock
VO18/009600;EO436325;2018.02.05 21:36;in stock
VO18/009601;EO436327;2018.02.05 21:40;partially fulfilled
VO18/009606/1;EO436350, SO-330367;2018.02.07 0:00;in stock
VO18/009611;EO436378;2018.02.06 8:11;in stock
VO18/009617;, SO-330377;2018.02.06 0:00;all out of stock
VO18/009623;EO436409;2018.02.06 9:31;in stock
VO18/009624;EO436412;2018.02.06 9:38;in stock
VO18/009627;EO436419;2018.02.06 9:51;in stock
VO18/009628;EO436423;2018.02.06 10:01;in stock
VO18/009630;EO436426;2018.02.06 10:16;in stock
VO18/009659;VO18/009659;2018.02.06 0:00;in stock
VO18/009686;EO436448;2018.02.06 11:32;partially fulfilled
VO18/009688;EO436451;2018.02.06 11:37;all out of stock
VO18/009703;EO436464;2018.02.06 12:07;in stock
VO18/009704/2;, SO-330468;2018.02.06 0:00;all out of stock
VO18/009709;EO436472;2018.02.06 12:36;in stock
VO18/009713;, SO-330478;2018.02.06 0:00;in stock
VO18/009716/1;, SO-330481;2018.02.06 0:00;in stock
VO18/009717;, SO-330482;2018.02.06 0:00;in stock
VO18/009720;EO436480;2018.02.06 13:19;in stock
VO18/009723;EO436493;2018.02.06 13:58;partially fulfilled
VO18/009729;EO436465;2018.02.06 12:09;partially fulfilled
VO18/009754;, SO-330491;2018.02.06 0:00;in stock
VO18/009758;EO436506;2018.02.06 14:45;all out of stock
VO18/009772;EO436522;2018.02.06 15:29;in stock
VO18/009773;EO436524;2018.02.06 15:30;in stock
VO18/009774;EO436523;2018.02.06 15:29;in stock
VO18/009782;EO436531;2018.02.06 15:57;in stock
VO18/009788;, SO-330553;2018.02.06 0:00;all out of stock
VO18/009793;EO436545;2018.02.06 16:48;in stock
VO18/009798;EO436567;2018.02.06 18:55;partially fulfilled
VO18/009799;EO436569;2018.02.06 18:57;in stock
VO18/009802;EO436581;2018.02.06 19:54;in stock
VO18/009804;EO436588;2018.02.06 20:11;in stock
VO18/009809;EO436611;2018.02.06 21:19;in stock
VO18/009812;EO436618;2018.02.06 21:41;in stock
VO18/009820;EO436667;2018.02.07 6:26;in stock
VO18/009822;EO436670;2018.02.07 7:00;in stock
VO18/009824;EO436675;2018.02.07 7:59;in stock
VO18/009827;EO436685;2018.02.07 8:28;partially fulfilled
VO18/009866;EO436579;2018.02.06 19:51;partially fulfilled
VO18/009898;EO436623;2018.02.06 21:52;partially fulfilled
VO18/009902;EO436627;2018.02.06 22:10;partially fulfilled
VO18/009913;EO436643;2018.02.06 23:10;partially fulfilled
VO18/009933;EO436665;2018.02.07 5:46;in stock
VO18/009937;EO436672;2018.02.07 7:01;in stock
VO18/009951;VO18/009951;2018.02.07 0:00;partially fulfilled
VO18/009960;EO436719;2018.02.07 9:48;in stock
VO18/009962;EO436721;2018.02.07 9:50;in stock
VO18/009963;EO436731;2018.02.07 10:13;all out of stock
VO18/009965;EO436735;2018.02.07 10:21;in stock
VO18/009967;EO436738;2018.02.07 10:22;in stock
VO18/009971/1;VO18/009971, SO-330733;2018.02.07 0:00;in stock
VO18/009973;EO436748;2018.02.07 10:53;in stock
VO18/010026;EO436760;2018.02.07 11:15;in stock
VO18/010027;, SO-330787;2018.02.07 0:00;in stock
VO18/010029;EO436762;2018.02.07 11:21;partially fulfilled
VO18/010041;VO18/010041;2018.02.07 0:00;all out of stock
VO18/010042;VO18/010042;2018.02.07 0:00;in stock
VO18/010047;EO436773;2018.02.07 11:43;in stock
VO18/010048;EO436774;2018.02.07 11:46;in stock
VO18/010050;EO436781;2018.02.07 12:26;in stock
VO18/010055;, SO-330817;2018.02.07 0:00;in stock
VO18/010067;EO436790;2018.02.07 12:52;partially fulfilled
VO18/010080/2;, SO-330846;2018.02.07 0:00;all out of stock
VO18/010087;, SO-330853;2018.02.07 0:00;in stock
VO18/010104;EO436821;2018.02.07 14:39;partially fulfilled
VO18/010114;, SO-330882;2018.02.07 0:00;in stock
VO18/010115;EO436824;2018.02.07 14:44;in stock
VO18/010119;EO436833;2018.02.07 15:19;all out of stock
VO18/010130;EO436849;2018.02.07 16:24;in stock
VO18/010132;VO18/010132;2018.02.07 0:00;in stock
VO18/010134;, SO-330900;2018.02.07 0:00;partially fulfilled
VO18/010139/2;, SO-330907;2018.02.07 0:00;all out of stock
VO18/010148/2;, SO-330916;2018.02.07 0:00;partially fulfilled
VO18/010153;EO436847;2018.02.07 16:20;partially fulfilled
VO18/010195;EO436903;2018.02.07 18:38;all out of stock
VO18/010198;EO436907;2018.02.07 19:06;all out of stock
VO18/010205;EO436914;2018.02.07 19:30;all out of stock
VO18/010216;EO436927;2018.02.07 20:07;all out of stock
VO18/010230;EO436942;2018.02.07 20:59;partially fulfilled
VO18/010235;EO436947;2018.02.07 21:11;in stock
VO18/010248;EO436963;2018.02.07 21:58;partially fulfilled
VO18/010260;EO436978;2018.02.07 23:31;partially fulfilled
VO18/010261;EO436980;2018.02.07 23:45;partially fulfilled
VO18/010271;EO436995;2018.02.08 6:13;partially fulfilled
VO18/010286;EO436855;2018.02.07 16:39;all out of stock
VO18/010290;EO436869;2018.02.07 17:08;in stock
VO18/010292;EO436890;2018.02.07 18:17;all out of stock
VO18/010295;EO436901;2018.02.07 18:34;in stock
VO18/010296;EO436905;2018.02.07 18:48;in stock
VO18/010297;EO436920;2018.02.07 19:53;in stock
VO18/010298;EO436925;2018.02.07 19:59;in stock
VO18/010302;EO436961;2018.02.07 21:54;partially fulfilled
VO18/010318;EO437025;2018.02.08 9:28;in stock
VO18/010320/2;EO437036;2018.02.08 0:00;in stock
VO18/010321;EO437041;2018.02.08 10:12;partially fulfilled
VO18/010323;EO437019;2018.02.08 9:02;partially fulfilled
VO18/010346;EO437046;2018.02.08 10:17;all out of stock
VO18/010354;EO437055;2018.02.08 10:46;all out of stock
VO18/010355;EO437057;2018.02.08 10:52;all out of stock
VO18/010357;, SO-331125;2018.02.08 0:00;all out of stock
VO18/010358;EO436161;2018.02.08 0:00;in stock
VO18/010360;EO437063;2018.02.08 11:08;in stock
VO18/010362;EO437068;2018.02.08 11:24;partially fulfilled
VO18/010364;EO437074;2018.02.08 11:35;in stock
VO18/010371;EO437083;2018.02.08 12:00;in stock
VO18/010378;EO434318;2018.02.08 0:00;all out of stock
VO18/010400;EO437092;2018.02.08 12:21;in stock
VO18/010405;EO437097;2018.02.08 12:46;in stock
VO18/010406;EO437098;2018.02.08 12:56;in stock
VO18/010412;EO437105;2018.02.08 13:19;in stock
VO18/010413;EO437111;2018.02.08 13:57;in stock
VO18/010414;VO18/010414;2018.02.08 0:00;in stock
VO18/010420;EO437106;2018.02.08 13:24;partially fulfilled
VO18/010432;, SO-331199;2018.02.08 0:00;in stock
VO18/010434;EO437117;2018.02.08 14:15;in stock
VO18/010453;VO18/010453;2018.02.08 0:00;in stock
VO18/010455;EO437136;2018.02.08 15:04;in stock
VO18/010459;EO437143;2018.02.08 15:31;in stock
VO18/010460;EO437144;2018.02.08 15:33;in stock
VO18/010461;EO437149;2018.02.08 15:46;in stock
VO18/010462;, SO-331217;2018.02.08 0:00;partially fulfilled
VO18/010463/1;VO18/010463;2018.02.08 0:00;in stock
VO18/010470;EO437160;2018.02.08 16:54;in stock
VO18/010478;, SO-331246;2018.02.08 0:00;in stock
VO18/010479;EO437166;2018.02.08 17:18;in stock
VO18/010481;EO437179;2018.02.08 18:16;all out of stock
VO18/010482;EO437180;2018.02.08 18:16;partially fulfilled
VO18/010483;EO437182;2018.02.08 18:25;in stock
VO18/010493;EO437147;2018.02.08 15:43;partially fulfilled
VO18/010508;EO437168;2018.02.08 17:22;partially fulfilled
VO18/010512;EO437172;2018.02.08 17:42;partially fulfilled
VO18/010514;EO437177;2018.02.08 17:52;all out of stock
VO18/010527;EO437193;2018.02.08 19:12;all out of stock
VO18/010564;EO437238;2018.02.09 5:23;partially fulfilled
VO18/010580;EO437183;2018.02.08 18:32;in stock
VO18/010582;EO437208;2018.02.08 20:46;in stock
VO18/010584;EO437216;2018.02.08 21:50;in stock
VO18/010585;EO437219;2018.02.08 22:04;in stock
VO18/010586;EO437224;2018.02.08 22:19;in stock
VO18/010590;EO437246;2018.02.09 7:08;in stock
VO18/010596;EO437241;2018.02.09 6:32;in stock
VO18/010597;EO437260;2018.02.09 8:12;in stock
VO18/010598;EO437261;2018.02.09 8:16;in stock
VO18/010601;EO437268;2018.02.09 8:36;all out of stock
VO18/010604;EO437280;2018.02.09 9:26;in stock
VO18/010605;EO437282;2018.02.09 9:29;in stock
VO18/010612;, SO-331383;2018.02.09 0:00;in stock
VO18/010619/1;EO437253;2018.02.09 0:00;all out of stock
VO18/010627;EO437288;2018.02.09 9:44;partially fulfilled
VO18/010647/1;EO437324;2018.02.09 0:00;partially fulfilled
VO18/010648;VO18/010648;2018.02.09 0:00;partially fulfilled
VO18/010649;EO437296;2018.02.09 10:31;in stock
VO18/010650;EO437301;2018.02.09 10:55;in stock
VO18/010651;EO437304;2018.02.09 11:08;in stock
VO18/010652;EO437307;2018.02.09 11:10;in stock
VO18/010655;EO437310;2018.02.09 11:16;in stock
VO18/010657;EO437314;2018.02.09 11:30;in stock
VO18/010658;EO437319;2018.02.09 11:46;partially fulfilled
VO18/010661;EO437332;2018.02.09 12:35;in stock
VO18/010662;EO437334;2018.02.09 12:42;in stock
VO18/010673;EO437315;2018.02.09 11:33;partially fulfilled
VO18/010681;EO437326;2018.02.09 12:08;partially fulfilled
VO18/010689;EO437331;2018.02.09 12:31;in stock
VO18/010694;, SO-331469;2018.02.09 0:00;in stock
VO18/010695;, SO-331472;2018.02.09 0:00;in stock
VO18/010696;, SO-331471;2018.02.09 0:00;in stock
VO18/010697/1;VO18/010697;2018.02.09 0:00;in stock
VO18/010701/1;VO18/010701;2018.02.09 0:00;in stock
VO18/010702;VO18/010702;2018.02.09 0:00;in stock
VO18/010708;EO437343;2018.02.09 13:21;in stock
VO18/010709;EO437345;2018.02.09 13:26;in stock
VO18/010710;EO437351;2018.02.09 13:53;in stock
VO18/010711;EO437353;2018.02.09 13:57;in stock
VO18/010713;EO437360;2018.02.09 14:27;in stock
VO18/010715;EO437362;2018.02.09 14:36;in stock
VO18/010716/2;, SO-331487;2018.02.09 0:00;in stock
VO18/010722;EO437350;2018.02.09 13:51;all out of stock
VO18/010725;EO437355;2018.02.09 14:00;partially fulfilled
VO18/010734;, SO-331515;2018.02.09 0:00;in stock
VO18/010735;, SO-331516;2018.02.09 0:00;in stock
VO18/010739;, SO-331521;2018.02.09 0:00;in stock
VO18/010747/2;, SO-331531;2018.02.09 0:00;all out of stock
VO18/010750/1;EO437386;2018.02.09 0:00;partially fulfilled
VO18/010751;EO437363;2018.02.09 14:39;in stock
VO18/010752;EO437365;2018.02.09 14:45;in stock
VO18/010753;EO437364;2018.02.09 14:46;in stock
VO18/010754;EO437370;2018.02.09 15:14;in stock
VO18/010755;EO437373;2018.02.09 15:29;partially fulfilled
VO18/010756;EO437382;2018.02.09 16:14;in stock
VO18/010758;EO437391;2018.02.09 16:53;in stock
VO18/010759;, SO-331543;2018.02.09 0:00;in stock
VO18/010766;EO437401;2018.02.09 17:52;in stock
VO18/010767;, SO-331552;2018.02.09 0:00;in stock
VO18/010770;EO437410;2018.02.09 18:57;in stock
VO18/010772;EO437425;2018.02.09 21:29;in stock
VO18/010773;EO437433;2018.02.09 22:20;in stock
VO18/010775;EO437440;2018.02.10 2:35;in stock
VO18/010776;EO437444;2018.02.10 7:51;in stock
VO18/010778;EO437449;2018.02.10 8:31;in stock
VO18/010780;EO437452;2018.02.10 8:54;in stock
VO18/010782;, SO-331555;2018.02.10 0:00;in stock
VO18/010784;EO437459;2018.02.10 9:39;all out of stock
VO18/010786;, SO-331556;2018.02.10 0:00;in stock
VO18/010789;EO437472;2018.02.10 10:37;in stock
VO18/010790;EO437475;2018.02.10 10:44;in stock
VO18/010792;, SO-331558;2018.02.10 0:00;in stock
VO18/010794;EO437481;2018.02.10 11:20;in stock
VO18/010796;, SO-331583;2018.02.10 0:00;in stock
VO18/010797;, SO-331585;2018.02.10 0:00;in stock
VO18/010798/4;, SO-331587;2018.02.10 0:00;in stock
VO18/010799;, SO-331586;2018.02.10 0:00;partially fulfilled
VO18/010801;, SO-331593;2018.02.10 0:00;in stock
VO18/010806;, SO-331596;2018.02.10 0:00;in stock
VO18/010813;EO437377;2018.02.09 15:53;all out of stock
VO18/010814;EO437378;2018.02.09 15:57;all out of stock
VO18/010825;EO437393;2018.02.09 17:03;all out of stock
VO18/010827;EO437395;2018.02.09 17:11;partially fulfilled
VO18/010831;EO437399;2018.02.09 17:30;partially fulfilled
VO18/010836;EO437405;2018.02.09 18:35;partially fulfilled
VO18/010838;EO437408;2018.02.09 18:51;partially fulfilled
VO18/010839;EO437409;2018.02.09 18:55;all out of stock
VO18/010848;EO437421;2018.02.09 20:57;all out of stock
VO18/010862;EO437438;2018.02.09 23:47;partially fulfilled
VO18/010868;EO437445;2018.02.10 8:19;partially fulfilled
VO18/010870;EO437451;2018.02.10 8:53;partially fulfilled
VO18/010893;EO437485;2018.02.10 11:28;in stock
VO18/010898;EO437490;2018.02.10 12:15;in stock
VO18/010911;EO437505;2018.02.10 13:52;partially fulfilled
VO18/010917;EO437513;2018.02.10 14:40;partially fulfilled
VO18/010929;EO437529;2018.02.10 15:47;partially fulfilled
VO18/010937;EO437540;2018.02.10 17:59;partially fulfilled
VO18/010943;EO437549;2018.02.10 19:03;all out of stock
VO18/010968;EO437580;2018.02.10 23:11;partially fulfilled
VO18/010972;EO437585;2018.02.11 1:31;all out of stock
VO18/010978;EO437591;2018.02.11 8:09;in stock
VO18/010984;EO437597;2018.02.11 9:21;partially fulfilled
VO18/010997;EO437613;2018.02.11 10:38;in stock
VO18/010998;EO437614;2018.02.11 10:40;partially fulfilled
VO18/011001;EO437616;2018.02.11 10:43;in stock
VO18/011002;EO437618;2018.02.11 10:50;partially fulfilled
VO18/011004;EO437623;2018.02.11 11:05;in stock
VO18/011009;EO437630;2018.02.11 11:58;partially fulfilled
VO18/011010;EO437632;2018.02.11 12:26;partially fulfilled
VO18/011026;EO437652;2018.02.11 13:47;partially fulfilled
VO18/011047;EO437676;2018.02.11 16:04;partially fulfilled
VO18/011058;EO437687;2018.02.11 17:04;in stock
VO18/011063;EO437693;2018.02.11 17:33;partially fulfilled
VO18/011069;EO437700;2018.02.11 18:09;partially fulfilled
VO18/011073;EO437706;2018.02.11 18:37;partially fulfilled
VO18/011074;EO437707;2018.02.11 18:40;in stock
VO18/011084;EO437722;2018.02.11 19:32;partially fulfilled
VO18/011085;EO437723;2018.02.11 19:38;partially fulfilled
VO18/011096;EO437735;2018.02.11 20:07;partially fulfilled
VO18/011097;EO437736;2018.02.11 20:13;partially fulfilled
VO18/011106;EO437750;2018.02.11 20:54;in stock
VO18/011110;EO437755;2018.02.11 21:11;in stock
VO18/011119;EO437767;2018.02.11 21:39;partially fulfilled
VO18/011121;EO437770;2018.02.11 21:56;all out of stock
VO18/011125;EO437777;2018.02.11 22:31;in stock
VO18/011130;EO437788;2018.02.12 0:12;in stock
VO18/011131;EO437790;2018.02.12 1:52;in stock
VO18/011132;EO437792;2018.02.12 3:52;partially fulfilled
VO18/011138;EO437804;2018.02.12 7:07;in stock
VO18/011140;EO437808;2018.02.12 7:16;in stock
VO18/011141;EO437809;2018.02.12 7:22;in stock
VO18/011143;EO437812;2018.02.12 7:50;in stock
VO18/011146;EO437817;2018.02.12 8:38;in stock
VO18/011147;EO437819;2018.02.12 8:41;in stock
VO18/011148;EO437821;2018.02.12 8:42;in stock
VO18/011150;EO437823;2018.02.12 8:44;in stock
VO18/011151;EO437487;2018.02.10 11:52;in stock
VO18/011152;EO437492;2018.02.10 12:19;in stock
VO18/011153;EO437504;2018.02.10 13:39;partially fulfilled
VO18/011154;EO437512;2018.02.10 14:36;in stock
VO18/011155;EO437514;2018.02.10 14:57;in stock
VO18/011156;EO437521;2018.02.10 15:26;in stock
VO18/011157;EO437524;2018.02.10 15:28;partially fulfilled
VO18/011158;EO437528;2018.02.10 15:41;in stock
VO18/011160;EO437537;2018.02.10 17:39;in stock
VO18/011161;EO437539;2018.02.10 17:58;in stock
VO18/011162;EO437543;2018.02.10 18:23;in stock
VO18/011163;EO437545;2018.02.10 18:41;in stock
VO18/011164;EO437546;2018.02.10 18:43;in stock
VO18/011165;EO437553;2018.02.10 19:25;partially fulfilled
VO18/011166;EO437559;2018.02.10 20:19;in stock
VO18/011167;EO437564;2018.02.10 20:52;in stock
VO18/011168;EO437565;2018.02.10 21:07;in stock
VO18/011169;EO437568;2018.02.10 21:26;in stock
VO18/011170;EO437576;2018.02.10 22:45;in stock
VO18/011171;EO437584;2018.02.11 1:21;partially fulfilled
VO18/011172;EO437599;2018.02.11 9:28;in stock
VO18/011173;EO437601;2018.02.11 9:42;in stock
VO18/011174;EO437609;2018.02.11 10:28;in stock
VO18/011175;EO437619;2018.02.11 10:59;in stock
VO18/011176;EO437621;2018.02.11 11:03;in stock
VO18/011177;EO437622;2018.02.11 11:03;in stock
VO18/011178;EO437625;2018.02.11 11:15;in stock
VO18/011179;EO437629;2018.02.11 11:51;in stock
VO18/011180;EO437631;2018.02.11 12:10;in stock
VO18/011181;EO437638;2018.02.11 12:50;in stock
VO18/011182;EO437650;2018.02.11 13:42;in stock
VO18/011183;EO437660;2018.02.11 14:40;in stock
VO18/011184;EO437670;2018.02.11 15:31;in stock
VO18/011185;EO437683;2018.02.11 16:25;in stock
VO18/011186;EO437685;2018.02.11 16:47;in stock
VO18/011187;EO437698;2018.02.11 17:47;in stock
VO18/011188;EO437704;2018.02.11 18:32;in stock
VO18/011189;EO437705;2018.02.11 18:32;in stock
VO18/011190;EO437708;2018.02.11 18:41;in stock
VO18/011191;EO437712;2018.02.11 18:51;partially fulfilled
VO18/011192;EO437713;2018.02.11 18:56;in stock
VO18/011193;EO437720;2018.02.11 19:17;in stock
VO18/011194;EO437721;2018.02.11 19:25;in stock
VO18/011195;EO437734;2018.02.11 20:05;partially fulfilled
VO18/011196;EO437737;2018.02.11 20:14;in stock
VO18/011197;EO437739;2018.02.11 20:27;in stock
VO18/011198;EO437749;2018.02.11 20:51;in stock
VO18/011199;EO437752;2018.02.11 21:00;in stock
VO18/011200;EO437759;2018.02.11 21:23;in stock
VO18/011201;EO437764;2018.02.11 21:36;in stock
VO18/011202;EO437765;2018.02.11 21:38;in stock
VO18/011203;EO437769;2018.02.11 21:51;in stock
VO18/011204;EO437773;2018.02.11 22:06;in stock
VO18/011206;EO437776;2018.02.11 22:18;in stock
VO18/011207;EO437779;2018.02.11 22:42;in stock
VO18/011208;EO437780;2018.02.11 22:45;in stock
VO18/011209;EO437783;2018.02.11 23:24;in stock
VO18/011210;EO437785;2018.02.11 23:39;in stock
VO18/011211;EO437786;2018.02.11 23:50;in stock
VO18/011212;EO437789;2018.02.12 0:42;in stock
VO18/011213;EO437791;2018.02.12 2:26;in stock
VO18/011214;EO437793;2018.02.12 5:40;in stock
VO18/011215;EO437798;2018.02.12 6:43;partially fulfilled
VO18/011216;EO437799;2018.02.12 6:49;in stock
VO18/011217;EO437800;2018.02.12 6:57;in stock
VO18/011218;EO437802;2018.02.12 7:00;in stock
VO18/011219;EO437803;2018.02.12 7:01;in stock
VO18/011220;EO437805;2018.02.12 7:07;in stock
VO18/011221;EO437807;2018.02.12 7:15;in stock
VO18/011222;EO437811;2018.02.12 7:42;in stock
VO18/011223;EO437814;2018.02.12 7:52;in stock
VO18/011224;EO437816;2018.02.12 8:35;in stock
VO18/011225;EO437818;2018.02.12 8:39;in stock
VO18/011226;EO437820;2018.02.12 8:41;in stock
VO18/011227;EO437824;2018.02.12 8:48;in stock
VO18/011228;EO437828;2018.02.12 8:56;in stock
VO18/011229;EO437830;2018.02.12 8:58;in stock
VO18/011230;, SO-331889;2018.02.12 0:00;in stock
VO18/011235;EO437844;2018.02.12 9:23;in stock
VO18/011236;EO437845;2018.02.12 9:29;all out of stock
VO18/011237;EO437848;2018.02.12 9:39;in stock
VO18/011238;EO437851;2018.02.12 9:45;in stock
VO18/011239;EO437853;2018.02.12 9:53;in stock
VO18/011240;EO437854;2018.02.12 9:56;in stock
VP18/000087/1;ES36555-345098;2018.02.13 0:00;in stock
VP18/000236;ES36555-846855;2018.02.02 22:53;all out of stock
VP18/000241;ES36555-354786;2018.02.04 15:30;all out of stock
VP18/000252;ES36555-585240;2018.02.05 20:35;in stock
VP18/000258;ES36555-856746;2018.02.06 12:49;all out of stock
VP18/000260;ES36555-668343;2018.02.06 15:49;in stock
VP18/000270;ES36555-356271;2018.02.07 0:49;partially fulfilled
VP18/000287;ES36555-529254;2018.02.09 10:39;in stock
VP18/000288;ES36555-366170;2018.02.09 13:55;in stock
VP18/000289;ES36555-766251;2018.02.09 15:27;all out of stock
VP18/000292;ES36555-355318;2018.02.09 22:22;all out of stock
VP18/000299;ES36555-834507;2018.02.11 13:05;in stock
VP18/000302;ES36555-288780;2018.02.11 20:24;in stock
VP18/000305;ES36555-593608;2018.02.11 22:36;all out of stock
VR18/000060;RO36555-724693;2018.02.04 9:38;all out of stock
VR18/000061;RO36555-432700;2018.02.05 14:37;partially fulfilled
VR18/000065;RO36555-800826;2018.02.08 14:54;partially fulfilled
VZ18/000033;BB151766742053.26;2018.02.03 15:17;in stock
VZ18/000035;BB151793302858.88;2018.02.06 17:03;in stock
VZ18/000037;BB151801084996.94;2018.02.07 14:40;partially fulfilled
VZ18/000039;BB151808023778.47;2018.02.08 9:57;in stock
VZ18/000040;BB151808030742.27;2018.02.08 9:58;in stock
VZ18/000041;BB151810889457.36;2018.02.08 17:54;in stock
VZ18/000042;BB151811117878.61;2018.02.08 18:32;all out of stock
